timestamp,Close,ticker
1/2/2019,267.660004,NFLX
1/2/2019,323.809998,BA
1/2/2019,62.023998,TSLA
1/2/2019,1539.130005,AMZN
1/2/2019,46.93,KO
1/2/2019,24.959999,BAC
1/3/2019,1500.280029,AMZN
1/3/2019,46.639999,KO
1/3/2019,271.200012,NFLX
1/3/2019,310.899994,BA
1/3/2019,24.559999,BAC
1/3/2019,60.071999,TSLA
1/4/2019,1575.390015,AMZN
1/4/2019,47.57,KO
1/4/2019,297.570007,NFLX
1/4/2019,63.537998,TSLA
1/4/2019,327.079987,BA
1/4/2019,25.58,BAC
1/7/2019,66.991997,TSLA
1/7/2019,328.109985,BA
1/7/2019,1629.51001,AMZN
1/7/2019,46.950001,KO
1/7/2019,25.559999,BAC
1/7/2019,315.339996,NFLX
1/8/2019,25.51,BAC
1/8/2019,67.07,TSLA
1/8/2019,1656.579956,AMZN
1/8/2019,340.529999,BA
1/8/2019,320.269989,NFLX
1/8/2019,47.48,KO
1/9/2019,67.706001,TSLA
1/9/2019,343.829987,BA
1/9/2019,25.76,BAC
1/9/2019,46.57,KO
1/9/2019,1659.420044,AMZN
1/9/2019,319.959991,NFLX
1/10/2019,68.994003,TSLA
1/10/2019,324.660004,NFLX
1/10/2019,1656.219971,AMZN
1/10/2019,25.73,BAC
1/10/2019,352.609985,BA
1/10/2019,47.07,KO
1/11/2019,352.899994,BA
1/11/2019,69.452003,TSLA
1/11/2019,1640.560059,AMZN
1/11/2019,47.34,KO
1/11/2019,26.030001,BAC
1/11/2019,337.589996,NFLX
1/14/2019,47.150002,KO
1/14/2019,26.370001,BAC
1/14/2019,1617.209961,AMZN
1/14/2019,66.879997,TSLA
1/14/2019,332.940002,NFLX
1/14/2019,350.359985,BA
1/15/2019,47.57,KO
1/15/2019,352.23999,BA
1/15/2019,68.886002,TSLA
1/15/2019,1674.560059,AMZN
1/15/2019,26.549999,BAC
1/15/2019,354.640015,NFLX
1/16/2019,69.209999,TSLA
1/16/2019,351.390015,NFLX
1/16/2019,46.919998,KO
1/16/2019,1683.780029,AMZN
1/16/2019,28.450001,BAC
1/16/2019,352.059998,BA
1/17/2019,359.089996,BA
1/17/2019,1693.219971,AMZN
1/17/2019,69.461998,TSLA
1/17/2019,353.190002,NFLX
1/17/2019,47.060001,KO
1/17/2019,28.99,BAC
1/18/2019,47.610001,KO
1/18/2019,1696.199951,AMZN
1/18/2019,339.100006,NFLX
1/18/2019,364.730011,BA
1/18/2019,29.299999,BAC
1/18/2019,60.452,TSLA
1/22/2019,59.784,TSLA
1/22/2019,1632.170044,AMZN
1/22/2019,357.899994,BA
1/22/2019,29.09,BAC
1/22/2019,325.160004,NFLX
1/22/2019,47.720001,KO
1/23/2019,28.92,BAC
1/23/2019,57.518002,TSLA
1/23/2019,358.609985,BA
1/23/2019,1640.02002,AMZN
1/23/2019,48.27,KO
1/23/2019,321.98999,NFLX
1/24/2019,1654.930054,AMZN
1/24/2019,47.689999,KO
1/24/2019,29.08,BAC
1/24/2019,326.670013,NFLX
1/24/2019,58.301998,TSLA
1/24/2019,358.269989,BA
1/25/2019,364.200012,BA
1/25/2019,1670.569946,AMZN
1/25/2019,338.049988,NFLX
1/25/2019,47.369999,KO
1/25/2019,29.58,BAC
1/25/2019,59.408001,TSLA
1/28/2019,1637.890015,AMZN
1/28/2019,335.660004,NFLX
1/28/2019,59.276001,TSLA
1/28/2019,362.970001,BA
1/28/2019,47.169998,KO
1/28/2019,29.629999,BAC
1/29/2019,1593.880005,AMZN
1/29/2019,328.899994,NFLX
1/29/2019,47.400002,KO
1/29/2019,59.492001,TSLA
1/29/2019,29.389999,BAC
1/29/2019,364.910004,BA
1/30/2019,47.860001,KO
1/30/2019,61.754002,TSLA
1/30/2019,387.720001,BA
1/30/2019,29.07,BAC
1/30/2019,340.660004,NFLX
1/30/2019,1670.430054,AMZN
1/31/2019,61.403999,TSLA
1/31/2019,1718.72998,AMZN
1/31/2019,48.130001,KO
1/31/2019,28.469999,BAC
1/31/2019,385.619995,BA
1/31/2019,339.5,NFLX
2/1/2019,1626.22998,AMZN
2/1/2019,28.379999,BAC
2/1/2019,48.700001,KO
2/1/2019,387.429993,BA
2/1/2019,339.850006,NFLX
2/1/2019,62.442001,TSLA
2/4/2019,28.879999,BAC
2/4/2019,351.339996,NFLX
2/4/2019,49.25,KO
2/4/2019,397,BA
2/4/2019,62.577999,TSLA
2/4/2019,1633.310059,AMZN
2/5/2019,1658.810059,AMZN
2/5/2019,28.780001,BAC
2/5/2019,49.259998,KO
2/5/2019,355.809998,NFLX
2/5/2019,410.179993,BA
2/5/2019,64.269997,TSLA
2/6/2019,28.73,BAC
2/6/2019,63.444,TSLA
2/6/2019,1640.26001,AMZN
2/6/2019,352.190002,NFLX
2/6/2019,49.259998,KO
2/6/2019,411.109985,BA
2/7/2019,1614.369995,AMZN
2/7/2019,344.709991,NFLX
2/7/2019,61.501999,TSLA
2/7/2019,28.24,BAC
2/7/2019,49.419998,KO
2/7/2019,405.170013,BA
2/8/2019,347.570007,NFLX
2/8/2019,1588.219971,AMZN
2/8/2019,61.16,TSLA
2/8/2019,28.290001,BAC
2/8/2019,49.5,KO
2/8/2019,404.910004,BA
2/11/2019,403.950012,BA
2/11/2019,1591,AMZN
2/11/2019,62.568001,TSLA
2/11/2019,28.41,BAC
2/11/2019,345.730011,NFLX
2/11/2019,49.610001,KO
2/12/2019,359.970001,NFLX
2/12/2019,28.690001,BAC
2/12/2019,410.720001,BA
2/12/2019,62.362,TSLA
2/12/2019,1638.01001,AMZN
2/12/2019,49.66,KO
2/13/2019,410.579987,BA
2/13/2019,28.700001,BAC
2/13/2019,1640,AMZN
2/13/2019,61.633999,TSLA
2/13/2019,49.790001,KO
2/13/2019,351.769989,NFLX
2/14/2019,359.070007,NFLX
2/14/2019,45.59,KO
2/14/2019,60.754002,TSLA
2/14/2019,28.389999,BAC
2/14/2019,409.820007,BA
2/14/2019,1622.650024,AMZN
2/15/2019,45.240002,KO
2/15/2019,356.869995,NFLX
2/15/2019,29.110001,BAC
2/15/2019,417.970001,BA
2/15/2019,61.576,TSLA
2/15/2019,1607.949951,AMZN
2/19/2019,44.830002,KO
2/19/2019,61.127998,TSLA
2/19/2019,1627.579956,AMZN
2/19/2019,29.129999,BAC
2/19/2019,361.920013,NFLX
2/19/2019,416.26001,BA
2/20/2019,29.41,BAC
2/20/2019,45.099998,KO
2/20/2019,1622.099976,AMZN
2/20/2019,421.549988,BA
2/20/2019,60.512001,TSLA
2/20/2019,359.910004,NFLX
2/21/2019,417.579987,BA
2/21/2019,58.245998,TSLA
2/21/2019,1619.439941,AMZN
2/21/2019,29.290001,BAC
2/21/2019,45.860001,KO
2/21/2019,356.970001,NFLX
2/22/2019,363.019989,NFLX
2/22/2019,1631.560059,AMZN
2/22/2019,58.942001,TSLA
2/22/2019,29.08,BAC
2/22/2019,45.279999,KO
2/22/2019,424.049988,BA
2/25/2019,29.27,BAC
2/25/2019,426.869995,BA
2/25/2019,59.754002,TSLA
2/25/2019,363.910004,NFLX
2/25/2019,44.939999,KO
2/25/2019,1633,AMZN
2/26/2019,426.769989,BA
2/26/2019,59.571999,TSLA
2/26/2019,1636.400024,AMZN
2/26/2019,29.290001,BAC
2/26/2019,364.970001,NFLX
2/26/2019,44.689999,KO
2/27/2019,62.948002,TSLA
2/27/2019,29.530001,BAC
2/27/2019,435.440002,BA
2/27/2019,44.939999,KO
2/27/2019,1641.089966,AMZN
2/27/2019,362.869995,NFLX
2/28/2019,45.34,KO
2/28/2019,29.08,BAC
2/28/2019,439.959991,BA
2/28/2019,63.976002,TSLA
2/28/2019,1639.829956,AMZN
2/28/2019,358.100006,NFLX
3/1/2019,1671.72998,AMZN
3/1/2019,357.320007,NFLX
3/1/2019,45.380001,KO
3/1/2019,29.309999,BAC
3/1/2019,440.619995,BA
3/1/2019,58.958,TSLA
3/4/2019,1696.170044,AMZN
3/4/2019,29.030001,BAC
3/4/2019,57.071999,TSLA
3/4/2019,45.650002,KO
3/4/2019,432.690002,BA
3/4/2019,351.040009,NFLX
3/5/2019,29.08,BAC
3/5/2019,430.119995,BA
3/5/2019,45.599998,KO
3/5/2019,55.307999,TSLA
3/5/2019,354.299988,NFLX
3/5/2019,1692.430054,AMZN
3/6/2019,45.450001,KO
3/6/2019,28.84,BAC
3/6/2019,1668.949951,AMZN
3/6/2019,424.459991,BA
3/6/2019,359.609985,NFLX
3/6/2019,55.248001,TSLA
3/7/2019,55.318001,TSLA
3/7/2019,45.279999,KO
3/7/2019,422.559998,BA
3/7/2019,1625.949951,AMZN
3/7/2019,28.549999,BAC
3/7/2019,352.600006,NFLX
3/8/2019,44.84,KO
3/8/2019,422.540009,BA
3/8/2019,56.827999,TSLA
3/8/2019,28.65,BAC
3/8/2019,349.600006,NFLX
3/8/2019,1620.800049,AMZN
3/11/2019,400.01001,BA
3/11/2019,46.18,KO
3/11/2019,58.183998,TSLA
3/11/2019,358.859985,NFLX
3/11/2019,1670.619995,AMZN
3/11/2019,28.940001,BAC
3/12/2019,28.940001,BAC
3/12/2019,1673.099976,AMZN
3/12/2019,375.410004,BA
3/12/2019,356.269989,NFLX
3/12/2019,56.672001,TSLA
3/12/2019,46.049999,KO
3/13/2019,57.792,TSLA
3/13/2019,361.209991,NFLX
3/13/2019,1690.810059,AMZN
3/13/2019,377.140015,BA
3/13/2019,29.290001,BAC
3/13/2019,46.220001,KO
3/14/2019,358.820007,NFLX
3/14/2019,29.459999,BAC
3/14/2019,1686.219971,AMZN
3/14/2019,373.299988,BA
3/14/2019,45.700001,KO
3/14/2019,57.992001,TSLA
3/15/2019,361.459991,NFLX
3/15/2019,378.98999,BA
3/15/2019,45.299999,KO
3/15/2019,29.299999,BAC
3/15/2019,55.085999,TSLA
3/15/2019,1712.359985,AMZN
3/18/2019,29.82,BAC
3/18/2019,363.440002,NFLX
3/18/2019,53.897999,TSLA
3/18/2019,45.41,KO
3/18/2019,1742.150024,AMZN
3/18/2019,372.279999,BA
3/19/2019,1761.849976,AMZN
3/19/2019,29.65,BAC
3/19/2019,45.560001,KO
3/19/2019,358.779999,NFLX
3/19/2019,373.429993,BA
3/19/2019,53.493999,TSLA
3/20/2019,45.529999,KO
3/20/2019,54.720001,TSLA
3/20/2019,28.639999,BAC
3/20/2019,376.160004,BA
3/20/2019,375.220001,NFLX
3/20/2019,1797.27002,AMZN
3/21/2019,54.804001,TSLA
3/21/2019,377.869995,NFLX
3/21/2019,1819.26001,AMZN
3/21/2019,372.700012,BA
3/21/2019,28.18,BAC
3/21/2019,45.509998,KO
3/22/2019,362.170013,BA
3/22/2019,27.01,BAC
3/22/2019,52.905998,TSLA
3/22/2019,361.01001,NFLX
3/22/2019,1764.77002,AMZN
3/22/2019,45.93,KO
3/25/2019,26.84,BAC
3/25/2019,366.230011,NFLX
3/25/2019,370.459991,BA
3/25/2019,46.029999,KO
3/25/2019,52.084,TSLA
3/25/2019,1774.26001,AMZN
3/26/2019,359.970001,NFLX
3/26/2019,46.639999,KO
3/26/2019,1783.76001,AMZN
3/26/2019,53.554001,TSLA
3/26/2019,27.209999,BAC
3/26/2019,370.380005,BA
3/27/2019,1765.699951,AMZN
3/27/2019,353.369995,NFLX
3/27/2019,46.610001,KO
3/27/2019,374.209991,BA
3/27/2019,54.966,TSLA
3/27/2019,27.030001,BAC
3/28/2019,46.580002,KO
3/28/2019,55.723999,TSLA
3/28/2019,1773.420044,AMZN
3/28/2019,374.440002,BA
3/28/2019,27.33,BAC
3/28/2019,354.609985,NFLX
3/29/2019,55.972,TSLA
3/29/2019,356.559998,NFLX
3/29/2019,46.860001,KO
3/29/2019,1780.75,AMZN
3/29/2019,27.59,BAC
3/29/2019,381.420013,BA
4/1/2019,366.959991,NFLX
4/1/2019,28.540001,BAC
4/1/2019,46.720001,KO
4/1/2019,391.540009,BA
4/1/2019,1814.189941,AMZN
4/1/2019,57.835999,TSLA
4/2/2019,1813.97998,AMZN
4/2/2019,46.57,KO
4/2/2019,367.720001,NFLX
4/2/2019,57.175999,TSLA
4/2/2019,390.75,BA
4/2/2019,28.870001,BAC
4/3/2019,1820.699951,AMZN
4/3/2019,369.75,NFLX
4/3/2019,46.18,KO
4/3/2019,28.84,BAC
4/3/2019,384.73999,BA
4/3/2019,58.362,TSLA
4/4/2019,46.48,KO
4/4/2019,53.556,TSLA
4/4/2019,367.880005,NFLX
4/4/2019,395.859985,BA
4/4/2019,29.15,BAC
4/4/2019,1818.859985,AMZN
4/5/2019,1837.280029,AMZN
4/5/2019,391.929993,BA
4/5/2019,29.08,BAC
4/5/2019,365.48999,NFLX
4/5/2019,46.470001,KO
4/5/2019,54.992001,TSLA
4/8/2019,361.410004,NFLX
4/8/2019,54.639999,TSLA
4/8/2019,29.17,BAC
4/8/2019,1849.859985,AMZN
4/8/2019,374.519989,BA
4/8/2019,46.549999,KO
4/9/2019,364.709991,NFLX
4/9/2019,46.669998,KO
4/9/2019,28.889999,BAC
4/9/2019,1835.839966,AMZN
4/9/2019,369.040009,BA
4/9/2019,54.462002,TSLA
4/10/2019,29.07,BAC
4/10/2019,363.920013,NFLX
4/10/2019,46.639999,KO
4/10/2019,1847.329956,AMZN
4/10/2019,55.212002,TSLA
4/10/2019,364.940002,BA
4/11/2019,53.683998,TSLA
4/11/2019,29.07,BAC
4/11/2019,370.160004,BA
4/11/2019,46.709999,KO
4/11/2019,1844.069946,AMZN
4/11/2019,367.649994,NFLX
4/12/2019,46.740002,KO
4/12/2019,53.540001,TSLA
4/12/2019,30.17,BAC
4/12/2019,1843.060059,AMZN
4/12/2019,379.640015,BA
4/12/2019,351.140015,NFLX
4/15/2019,29.84,BAC
4/15/2019,47,KO
4/15/2019,348.869995,NFLX
4/15/2019,375.459991,BA
4/15/2019,1844.869995,AMZN
4/15/2019,53.276001,TSLA
4/16/2019,54.672001,TSLA
4/16/2019,381.720001,BA
4/16/2019,46.950001,KO
4/16/2019,1863.040039,AMZN
4/16/2019,29.879999,BAC
4/16/2019,359.459991,NFLX
4/17/2019,54.245998,TSLA
4/17/2019,30.030001,BAC
4/17/2019,47.279999,KO
4/17/2019,354.73999,NFLX
4/17/2019,1864.819946,AMZN
4/17/2019,377.519989,BA
4/18/2019,54.652,TSLA
4/18/2019,30.030001,BAC
4/18/2019,360.350006,NFLX
4/18/2019,380.070007,BA
4/18/2019,47.48,KO
4/18/2019,1861.689941,AMZN
4/22/2019,1887.310059,AMZN
4/22/2019,377.339996,NFLX
4/22/2019,52.549999,TSLA
4/22/2019,375.170013,BA
4/22/2019,30.049999,BAC
4/22/2019,47.400002,KO
4/23/2019,374.019989,BA
4/23/2019,381.890015,NFLX
4/23/2019,1923.77002,AMZN
4/23/2019,48.209999,KO
4/23/2019,30.07,BAC
4/23/2019,52.779999,TSLA
4/24/2019,47.98,KO
4/24/2019,30.02,BAC
4/24/2019,374.230011,NFLX
4/24/2019,375.459991,BA
4/24/2019,1901.75,AMZN
4/24/2019,51.731998,TSLA
4/25/2019,368.329987,NFLX
4/25/2019,49.526001,TSLA
4/25/2019,382.799988,BA
4/25/2019,47.84,KO
4/25/2019,30.08,BAC
4/25/2019,1902.25,AMZN
4/26/2019,380.790009,BA
4/26/2019,374.850006,NFLX
4/26/2019,47.028,TSLA
4/26/2019,30.35,BAC
4/26/2019,48.259998,KO
4/26/2019,1950.630005,AMZN
4/29/2019,1938.430054,AMZN
4/29/2019,371.829987,NFLX
4/29/2019,379.049988,BA
4/29/2019,30.77,BAC
4/29/2019,48.419998,KO
4/29/2019,48.293999,TSLA
4/30/2019,30.58,BAC
4/30/2019,49.060001,KO
4/30/2019,370.540009,NFLX
4/30/2019,1926.52002,AMZN
4/30/2019,47.737999,TSLA
4/30/2019,377.690002,BA
5/1/2019,48.59,KO
5/1/2019,30.26,BAC
5/1/2019,378.809998,NFLX
5/1/2019,1911.52002,AMZN
5/1/2019,46.801998,TSLA
5/1/2019,376.799988,BA
5/2/2019,48.389999,KO
5/2/2019,30.5,BAC
5/2/2019,1900.819946,AMZN
5/2/2019,375.799988,BA
5/2/2019,48.82,TSLA
5/2/2019,379.059998,NFLX
5/3/2019,385.029999,NFLX
5/3/2019,1962.459961,AMZN
5/3/2019,48.720001,KO
5/3/2019,376.459991,BA
5/3/2019,30.709999,BAC
5/3/2019,51.006001,TSLA
5/6/2019,1950.550049,AMZN
5/6/2019,371.600006,BA
5/6/2019,48.470001,KO
5/6/2019,378.670013,NFLX
5/6/2019,30.469999,BAC
5/6/2019,51.068001,TSLA
5/7/2019,49.411999,TSLA
5/7/2019,1921,AMZN
5/7/2019,29.92,BAC
5/7/2019,48,KO
5/7/2019,370.459991,NFLX
5/7/2019,357.230011,BA
5/8/2019,359.75,BA
5/8/2019,47.849998,KO
5/8/2019,48.967999,TSLA
5/8/2019,364.369995,NFLX
5/8/2019,29.799999,BAC
5/8/2019,1917.77002,AMZN
5/9/2019,362.75,NFLX
5/9/2019,47.400002,KO
5/9/2019,1899.869995,AMZN
5/9/2019,29.709999,BAC
5/9/2019,354.130005,BA
5/9/2019,48.396,TSLA
5/10/2019,361.040009,NFLX
5/10/2019,48.189999,KO
5/10/2019,29.58,BAC
5/10/2019,354.670013,BA
5/10/2019,47.903999,TSLA
5/10/2019,1889.97998,AMZN
5/13/2019,337.369995,BA
5/13/2019,48.049999,KO
5/13/2019,45.402,TSLA
5/13/2019,345.26001,NFLX
5/13/2019,1822.680054,AMZN
5/13/2019,28.25,BAC
5/14/2019,345.609985,NFLX
5/14/2019,46.462002,TSLA
5/14/2019,28.620001,BAC
5/14/2019,48.689999,KO
5/14/2019,343.040009,BA
5/14/2019,1840.119995,AMZN
5/15/2019,345.640015,BA
5/15/2019,1871.150024,AMZN
5/15/2019,46.389999,TSLA
5/15/2019,354.98999,NFLX
5/15/2019,28.290001,BAC
5/15/2019,49.18,KO
5/16/2019,1907.569946,AMZN
5/16/2019,45.666,TSLA
5/16/2019,353.809998,BA
5/16/2019,49.580002,KO
5/16/2019,28.59,BAC
5/16/2019,359.309998,NFLX
5/17/2019,49.200001,KO
5/17/2019,354.450012,NFLX
5/17/2019,1869,AMZN
5/17/2019,42.206001,TSLA
5/17/2019,28.4,BAC
5/17/2019,355.019989,BA
5/20/2019,41.071999,TSLA
5/20/2019,28.4,BAC
5/20/2019,352.790009,BA
5/20/2019,348.109985,NFLX
5/20/2019,48.849998,KO
5/20/2019,1858.969971,AMZN
5/21/2019,28.690001,BAC
5/21/2019,1857.52002,AMZN
5/21/2019,48.599998,KO
5/21/2019,358.75,BA
5/21/2019,354.269989,NFLX
5/21/2019,41.015999,TSLA
5/22/2019,49.650002,KO
5/22/2019,38.546001,TSLA
5/22/2019,359.730011,NFLX
5/22/2019,28.49,BAC
5/22/2019,352.779999,BA
5/22/2019,1859.680054,AMZN
5/23/2019,1815.47998,AMZN
5/23/2019,49.849998,KO
5/23/2019,39.098,TSLA
5/23/2019,27.76,BAC
5/23/2019,350.549988,BA
5/23/2019,352.209991,NFLX
5/24/2019,354.899994,BA
5/24/2019,1823.280029,AMZN
5/24/2019,28.18,BAC
5/24/2019,38.125999,TSLA
5/24/2019,354.390015,NFLX
5/24/2019,49.610001,KO
5/28/2019,355.059998,NFLX
5/28/2019,49.099998,KO
5/28/2019,27.9,BAC
5/28/2019,37.740002,TSLA
5/28/2019,1836.430054,AMZN
5/28/2019,354.880005,BA
5/29/2019,48.610001,KO
5/29/2019,1819.189941,AMZN
5/29/2019,27.75,BAC
5/29/2019,349.190002,NFLX
5/29/2019,348.799988,BA
5/29/2019,37.972,TSLA
5/30/2019,1816.319946,AMZN
5/30/2019,37.644001,TSLA
5/30/2019,27.16,BAC
5/30/2019,351.850006,NFLX
5/30/2019,49.25,KO
5/30/2019,349.869995,BA
5/31/2019,1775.069946,AMZN
5/31/2019,49.130001,KO
5/31/2019,37.032001,TSLA
5/31/2019,341.609985,BA
5/31/2019,26.6,BAC
5/31/2019,343.279999,NFLX
6/3/2019,49.98,KO
6/3/2019,35.793999,TSLA
6/3/2019,338.890015,BA
6/3/2019,26.68,BAC
6/3/2019,336.630005,NFLX
6/3/2019,1692.689941,AMZN
6/4/2019,1729.560059,AMZN
6/4/2019,38.720001,TSLA
6/4/2019,27.92,BAC
6/4/2019,353.399994,NFLX
6/4/2019,50,KO
6/4/2019,344.619995,BA
6/5/2019,27.91,BAC
6/5/2019,39.318001,TSLA
6/5/2019,1738.5,AMZN
6/5/2019,355.730011,NFLX
6/5/2019,50.779999,KO
6/5/2019,348.75,BA
6/6/2019,357.130005,NFLX
6/6/2019,41.189999,TSLA
6/6/2019,27.879999,BAC
6/6/2019,51.400002,KO
6/6/2019,1754.359985,AMZN
6/6/2019,350.640015,BA
6/7/2019,40.900002,TSLA
6/7/2019,51.490002,KO
6/7/2019,1804.030029,AMZN
6/7/2019,353.700012,BA
6/7/2019,360.869995,NFLX
6/7/2019,27.530001,BAC
6/10/2019,353.799988,BA
6/10/2019,1860.630005,AMZN
6/10/2019,51.380001,KO
6/10/2019,352.01001,NFLX
6/10/2019,28.07,BAC
6/10/2019,42.576,TSLA
6/11/2019,1863.699951,AMZN
6/11/2019,28.24,BAC
6/11/2019,43.419998,TSLA
6/11/2019,51.330002,KO
6/11/2019,349.329987,BA
6/11/2019,351.269989,NFLX
6/12/2019,27.950001,BAC
6/12/2019,347.029999,BA
6/12/2019,41.852001,TSLA
6/12/2019,345.559998,NFLX
6/12/2019,1855.319946,AMZN
6/12/2019,51.639999,KO
6/13/2019,51.130001,KO
6/13/2019,27.940001,BAC
6/13/2019,343.429993,NFLX
6/13/2019,42.782001,TSLA
6/13/2019,348.859985,BA
6/13/2019,1870.300049,AMZN
6/14/2019,51.310001,KO
6/14/2019,28.040001,BAC
6/14/2019,42.984001,TSLA
6/14/2019,339.730011,NFLX
6/14/2019,347.160004,BA
6/14/2019,1869.670044,AMZN
6/17/2019,50.869999,KO
6/17/2019,45.006001,TSLA
6/17/2019,27.93,BAC
6/17/2019,1886.030029,AMZN
6/17/2019,354.899994,BA
6/17/2019,350.619995,NFLX
6/18/2019,357.119995,NFLX
6/18/2019,44.948002,TSLA
6/18/2019,28.620001,BAC
6/18/2019,373.959991,BA
6/18/2019,1901.369995,AMZN
6/18/2019,50.639999,KO
6/19/2019,28.32,BAC
6/19/2019,1908.790039,AMZN
6/19/2019,51.119999,KO
6/19/2019,45.285999,TSLA
6/19/2019,368.559998,BA
6/19/2019,363.519989,NFLX
6/20/2019,51.66,KO
6/20/2019,28.27,BAC
6/20/2019,365.209991,NFLX
6/20/2019,1918.189941,AMZN
6/20/2019,43.924,TSLA
6/20/2019,374.880005,BA
6/21/2019,28.120001,BAC
6/21/2019,44.372002,TSLA
6/21/2019,371.839996,BA
6/21/2019,51.549999,KO
6/21/2019,369.209991,NFLX
6/21/2019,1911.300049,AMZN
6/24/2019,373.98999,BA
6/24/2019,51.919998,KO
6/24/2019,371.040009,NFLX
6/24/2019,27.98,BAC
6/24/2019,1913.900024,AMZN
6/24/2019,44.728001,TSLA
6/25/2019,360.299988,NFLX
6/25/2019,27.76,BAC
6/25/2019,1878.27002,AMZN
6/25/2019,369.320007,BA
6/25/2019,43.952,TSLA
6/25/2019,51.759998,KO
6/26/2019,374.940002,BA
6/26/2019,362.200012,NFLX
6/26/2019,51.119999,KO
6/26/2019,43.854,TSLA
6/26/2019,1897.829956,AMZN
6/26/2019,27.91,BAC
6/27/2019,370.019989,NFLX
6/27/2019,44.568001,TSLA
6/27/2019,364.019989,BA
6/27/2019,1904.280029,AMZN
6/27/2019,28.209999,BAC
6/27/2019,51.080002,KO
6/28/2019,1893.630005,AMZN
6/28/2019,367.320007,NFLX
6/28/2019,44.692001,TSLA
6/28/2019,50.919998,KO
6/28/2019,29,BAC
6/28/2019,364.01001,BA
7/1/2019,51.599998,KO
7/1/2019,45.433998,TSLA
7/1/2019,1922.189941,AMZN
7/1/2019,356.459991,BA
7/1/2019,29.42,BAC
7/1/2019,374.600006,NFLX
7/2/2019,29.15,BAC
7/2/2019,354.160004,BA
7/2/2019,51.98,KO
7/2/2019,44.91,TSLA
7/2/2019,1934.310059,AMZN
7/2/2019,375.429993,NFLX
7/3/2019,52.099998,KO
7/3/2019,46.98,TSLA
7/3/2019,381.720001,NFLX
7/3/2019,354.470001,BA
7/3/2019,1939,AMZN
7/3/2019,29.049999,BAC
7/5/2019,355.859985,BA
7/5/2019,1942.910034,AMZN
7/5/2019,46.619999,TSLA
7/5/2019,29.26,BAC
7/5/2019,380.549988,NFLX
7/5/2019,52.110001,KO
7/8/2019,1952.319946,AMZN
7/8/2019,29.200001,BAC
7/8/2019,52,KO
7/8/2019,376.160004,NFLX
7/8/2019,351.119995,BA
7/8/2019,46.068001,TSLA
7/9/2019,29.35,BAC
7/9/2019,353.089996,BA
7/9/2019,51.59,KO
7/9/2019,46.012001,TSLA
7/9/2019,1988.300049,AMZN
7/9/2019,379.929993,NFLX
7/10/2019,51.82,KO
7/10/2019,352.299988,BA
7/10/2019,29.02,BAC
7/10/2019,47.784,TSLA
7/10/2019,2017.410034,AMZN
7/10/2019,381,NFLX
7/11/2019,52.040001,KO
7/11/2019,359,BA
7/11/2019,47.720001,TSLA
7/11/2019,2001.069946,AMZN
7/11/2019,379.5,NFLX
7/11/2019,29.360001,BAC
7/12/2019,2011,AMZN
7/12/2019,52.119999,KO
7/12/2019,365.329987,BA
7/12/2019,29.450001,BAC
7/12/2019,373.25,NFLX
7/12/2019,49.015999,TSLA
7/15/2019,2020.98999,AMZN
7/15/2019,52.130001,KO
7/15/2019,29.219999,BAC
7/15/2019,366.600006,NFLX
7/15/2019,361.609985,BA
7/15/2019,50.700001,TSLA
7/16/2019,362.75,BA
7/16/2019,52.139999,KO
7/16/2019,28.99,BAC
7/16/2019,365.98999,NFLX
7/16/2019,2009.900024,AMZN
7/16/2019,50.476002,TSLA
7/17/2019,362.440002,NFLX
7/17/2019,369.519989,BA
7/17/2019,50.972,TSLA
7/17/2019,1992.030029,AMZN
7/17/2019,52.18,KO
7/17/2019,29.190001,BAC
7/18/2019,50.708,TSLA
7/18/2019,361.109985,BA
7/18/2019,325.209991,NFLX
7/18/2019,1977.900024,AMZN
7/18/2019,52.029999,KO
7/18/2019,29.48,BAC
7/19/2019,51.636002,TSLA
7/19/2019,315.100006,NFLX
7/19/2019,1964.52002,AMZN
7/19/2019,51.389999,KO
7/19/2019,29.4,BAC
7/19/2019,377.359985,BA
7/22/2019,29.57,BAC
7/22/2019,1985.630005,AMZN
7/22/2019,51.220001,KO
7/22/2019,373.420013,BA
7/22/2019,310.619995,NFLX
7/22/2019,51.136002,TSLA
7/23/2019,1994.48999,AMZN
7/23/2019,54.330002,KO
7/23/2019,307.299988,NFLX
7/23/2019,52.034,TSLA
7/23/2019,373.070007,BA
7/23/2019,30.25,BAC
7/24/2019,361.429993,BA
7/24/2019,317.940002,NFLX
7/24/2019,2000.810059,AMZN
7/24/2019,52.976002,TSLA
7/24/2019,30.67,BAC
7/24/2019,53.779999,KO
7/25/2019,326.459991,NFLX
7/25/2019,1973.819946,AMZN
7/25/2019,45.764,TSLA
7/25/2019,30.34,BAC
7/25/2019,348.089996,BA
7/25/2019,53.07,KO
7/26/2019,54.169998,KO
7/26/2019,45.608002,TSLA
7/26/2019,1943.050049,AMZN
7/26/2019,335.779999,NFLX
7/26/2019,30.77,BAC
7/26/2019,345,BA
7/29/2019,340.209991,BA
7/29/2019,1912.449951,AMZN
7/29/2019,332.700012,NFLX
7/29/2019,53.990002,KO
7/29/2019,47.153999,TSLA
7/29/2019,30.52,BAC
7/30/2019,53.720001,KO
7/30/2019,1898.530029,AMZN
7/30/2019,30.889999,BAC
7/30/2019,347.459991,BA
7/30/2019,48.452,TSLA
7/30/2019,325.929993,NFLX
7/31/2019,341.179993,BA
7/31/2019,1866.780029,AMZN
7/31/2019,52.630001,KO
7/31/2019,322.98999,NFLX
7/31/2019,30.68,BAC
7/31/2019,48.321999,TSLA
8/1/2019,52.029999,KO
8/1/2019,46.77,TSLA
8/1/2019,319.5,NFLX
8/1/2019,29.49,BAC
8/1/2019,334.290009,BA
8/1/2019,1855.319946,AMZN
8/2/2019,29.379999,BAC
8/2/2019,339.559998,BA
8/2/2019,52.330002,KO
8/2/2019,46.868,TSLA
8/2/2019,318.829987,NFLX
8/2/2019,1823.23999,AMZN
8/5/2019,1765.130005,AMZN
8/5/2019,45.664001,TSLA
8/5/2019,331.059998,BA
8/5/2019,51.650002,KO
8/5/2019,307.630005,NFLX
8/5/2019,28.08,BAC
8/6/2019,46.150002,TSLA
8/6/2019,310.100006,NFLX
8/6/2019,332.450012,BA
8/6/2019,1787.829956,AMZN
8/6/2019,52.27,KO
8/6/2019,28.42,BAC
8/7/2019,304.290009,NFLX
8/7/2019,331.380005,BA
8/7/2019,46.683998,TSLA
8/7/2019,27.889999,BAC
8/7/2019,53.18,KO
8/7/2019,1793.400024,AMZN
8/8/2019,28.379999,BAC
8/8/2019,53.689999,KO
8/8/2019,315.899994,NFLX
8/8/2019,336.350006,BA
8/8/2019,47.66,TSLA
8/8/2019,1832.890015,AMZN
8/9/2019,1807.579956,AMZN
8/9/2019,308.929993,NFLX
8/9/2019,28.33,BAC
8/9/2019,337.549988,BA
8/9/2019,53.419998,KO
8/9/2019,47.001999,TSLA
8/12/2019,27.639999,BAC
8/12/2019,45.801998,TSLA
8/12/2019,332.940002,BA
8/12/2019,53.200001,KO
8/12/2019,310.829987,NFLX
8/12/2019,1784.920044,AMZN
8/13/2019,312.279999,NFLX
8/13/2019,332.859985,BA
8/13/2019,47,TSLA
8/13/2019,53.5,KO
8/13/2019,27.719999,BAC
8/13/2019,1824.339966,AMZN
8/14/2019,1762.959961,AMZN
8/14/2019,299.109985,NFLX
8/14/2019,320.420013,BA
8/14/2019,43.924,TSLA
8/14/2019,52.990002,KO
8/14/2019,26.42,BAC
8/15/2019,295.76001,NFLX
8/15/2019,1776.119995,AMZN
8/15/2019,43.127998,TSLA
8/15/2019,53.869999,KO
8/15/2019,26.25,BAC
8/15/2019,328,BA
8/16/2019,302.799988,NFLX
8/16/2019,43.987999,TSLA
8/16/2019,27.030001,BAC
8/16/2019,330.450012,BA
8/16/2019,1792.569946,AMZN
8/16/2019,54.41,KO
8/19/2019,309.380005,NFLX
8/19/2019,54.689999,KO
8/19/2019,27.27,BAC
8/19/2019,333.779999,BA
8/19/2019,1816.119995,AMZN
8/19/2019,45.366001,TSLA
8/20/2019,53.880001,KO
8/20/2019,45.172001,TSLA
8/20/2019,298.98999,NFLX
8/20/2019,331.75,BA
8/20/2019,1801.380005,AMZN
8/20/2019,26.719999,BAC
8/21/2019,1823.540039,AMZN
8/21/2019,26.93,BAC
8/21/2019,44.166,TSLA
8/21/2019,54.099998,KO
8/21/2019,339.98999,BA
8/21/2019,297.809998,NFLX
8/22/2019,44.43,TSLA
8/22/2019,27.190001,BAC
8/22/2019,296.929993,NFLX
8/22/2019,54.490002,KO
8/22/2019,1804.660034,AMZN
8/22/2019,354.410004,BA
8/23/2019,291.440002,NFLX
8/23/2019,26.469999,BAC
8/23/2019,53.740002,KO
8/23/2019,356.01001,BA
8/23/2019,1749.619995,AMZN
8/23/2019,42.279999,TSLA
8/26/2019,54.540001,KO
8/26/2019,43,TSLA
8/26/2019,294.980011,NFLX
8/26/2019,26.780001,BAC
8/26/2019,1768.869995,AMZN
8/26/2019,359.040009,BA
8/27/2019,1761.829956,AMZN
8/27/2019,42.816002,TSLA
8/27/2019,354.730011,BA
8/27/2019,54.720001,KO
8/27/2019,291.029999,NFLX
8/27/2019,26.469999,BAC
8/28/2019,26.85,BAC
8/28/2019,55.110001,KO
8/28/2019,291.769989,NFLX
8/28/2019,359.970001,BA
8/28/2019,1764.25,AMZN
8/28/2019,43.118,TSLA
8/29/2019,362.73999,BA
8/29/2019,55.049999,KO
8/29/2019,1786.400024,AMZN
8/29/2019,296.779999,NFLX
8/29/2019,27.33,BAC
8/29/2019,44.341999,TSLA
8/30/2019,1776.290039,AMZN
8/30/2019,55.040001,KO
8/30/2019,293.75,NFLX
8/30/2019,364.089996,BA
8/30/2019,45.122002,TSLA
8/30/2019,27.51,BAC
9/3/2019,289.290009,NFLX
9/3/2019,27.049999,BAC
9/3/2019,1789.839966,AMZN
9/3/2019,354.420013,BA
9/3/2019,45.001999,TSLA
9/3/2019,55.299999,KO
9/4/2019,356.529999,BA
9/4/2019,291.519989,NFLX
9/4/2019,27.49,BAC
9/4/2019,55.77,KO
9/4/2019,44.136002,TSLA
9/4/2019,1800.619995,AMZN
9/5/2019,45.916,TSLA
9/5/2019,28.120001,BAC
9/5/2019,1840.719971,AMZN
9/5/2019,293.25,NFLX
9/5/2019,360.299988,BA
9/5/2019,55.119999,KO
9/6/2019,55.23,KO
9/6/2019,45.490002,TSLA
9/6/2019,1833.51001,AMZN
9/6/2019,290.170013,NFLX
9/6/2019,363,BA
9/6/2019,27.73,BAC
9/9/2019,54.52,KO
9/9/2019,1831.349976,AMZN
9/9/2019,358.779999,BA
9/9/2019,294.339996,NFLX
9/9/2019,28.629999,BAC
9/9/2019,46.358002,TSLA
9/10/2019,47.108002,TSLA
9/10/2019,29.35,BAC
9/10/2019,287.98999,NFLX
9/10/2019,54.400002,KO
9/10/2019,1820.550049,AMZN
9/10/2019,369.48999,BA
9/11/2019,29.459999,BAC
9/11/2019,49.419998,TSLA
9/11/2019,54.77,KO
9/11/2019,382.940002,BA
9/11/2019,288.269989,NFLX
9/11/2019,1822.98999,AMZN
9/12/2019,288.859985,NFLX
9/12/2019,49.174,TSLA
9/12/2019,29.67,BAC
9/12/2019,1843.550049,AMZN
9/12/2019,375.630005,BA
9/12/2019,55.110001,KO
9/13/2019,1839.339966,AMZN
9/13/2019,49.040001,TSLA
9/13/2019,379.76001,BA
9/13/2019,30.17,BAC
9/13/2019,294.149994,NFLX
9/13/2019,54.259998,KO
9/16/2019,53.959999,KO
9/16/2019,1807.839966,AMZN
9/16/2019,48.562,TSLA
9/16/2019,294.290009,NFLX
9/16/2019,30.129999,BAC
9/16/2019,378.850006,BA
9/17/2019,298.600006,NFLX
9/17/2019,29.940001,BAC
9/17/2019,384.200012,BA
9/17/2019,54.240002,KO
9/17/2019,48.958,TSLA
9/17/2019,1822.550049,AMZN
9/18/2019,30,BAC
9/18/2019,386.410004,BA
9/18/2019,1817.459961,AMZN
9/18/2019,291.559998,NFLX
9/18/2019,54.23,KO
9/18/2019,48.698002,TSLA
9/19/2019,1821.5,AMZN
9/19/2019,54.52,KO
9/19/2019,286.600006,NFLX
9/19/2019,49.32,TSLA
9/19/2019,384.440002,BA
9/19/2019,29.82,BAC
9/20/2019,1794.160034,AMZN
9/20/2019,53.91,KO
9/20/2019,48.124001,TSLA
9/20/2019,29.59,BAC
9/20/2019,379.390015,BA
9/20/2019,270.75,NFLX
9/23/2019,48.245998,TSLA
9/23/2019,377.029999,BA
9/23/2019,54.139999,KO
9/23/2019,1785.300049,AMZN
9/23/2019,29.52,BAC
9/23/2019,265.920013,NFLX
9/24/2019,1741.609985,AMZN
9/24/2019,54.299999,KO
9/24/2019,28.940001,BAC
9/24/2019,381.649994,BA
9/24/2019,254.589996,NFLX
9/24/2019,44.641998,TSLA
9/25/2019,29.25,BAC
9/25/2019,1768.329956,AMZN
9/25/2019,264.75,NFLX
9/25/2019,386.200012,BA
9/25/2019,54.169998,KO
9/25/2019,45.740002,TSLA
9/26/2019,48.512001,TSLA
9/26/2019,54.389999,KO
9/26/2019,263.309998,NFLX
9/26/2019,29.129999,BAC
9/26/2019,386.890015,BA
9/26/2019,1739.839966,AMZN
9/27/2019,54.310001,KO
9/27/2019,263.079987,NFLX
9/27/2019,1725.449951,AMZN
9/27/2019,48.425999,TSLA
9/27/2019,382.859985,BA
9/27/2019,29.35,BAC
9/30/2019,48.174,TSLA
9/30/2019,380.470001,BA
9/30/2019,1735.910034,AMZN
9/30/2019,267.619995,NFLX
9/30/2019,54.439999,KO
9/30/2019,29.17,BAC
10/1/2019,1735.650024,AMZN
10/1/2019,48.938,TSLA
10/1/2019,269.579987,NFLX
10/1/2019,374.940002,BA
10/1/2019,54.650002,KO
10/1/2019,28.440001,BAC
10/2/2019,1713.22998,AMZN
10/2/2019,367.359985,BA
10/2/2019,53.080002,KO
10/2/2019,48.625999,TSLA
10/2/2019,27.84,BAC
10/2/2019,268.029999,NFLX
10/3/2019,372.070007,BA
10/3/2019,53.84,KO
10/3/2019,46.605999,TSLA
10/3/2019,1724.420044,AMZN
10/3/2019,268.149994,NFLX
10/3/2019,27.809999,BAC
10/4/2019,375.700012,BA
10/4/2019,272.790009,NFLX
10/4/2019,46.285999,TSLA
10/4/2019,1739.650024,AMZN
10/4/2019,54.540001,KO
10/4/2019,28.370001,BAC
10/7/2019,47.543999,TSLA
10/7/2019,274.459991,NFLX
10/7/2019,376.540009,BA
10/7/2019,28.309999,BAC
10/7/2019,53.869999,KO
10/7/2019,1732.660034,AMZN
10/8/2019,27.629999,BAC
10/8/2019,270.720001,NFLX
10/8/2019,1705.51001,AMZN
10/8/2019,48.009998,TSLA
10/8/2019,374.100006,BA
10/8/2019,53.580002,KO
10/9/2019,1721.98999,AMZN
10/9/2019,27.889999,BAC
10/9/2019,374.959991,BA
10/9/2019,267.529999,NFLX
10/9/2019,53.830002,KO
10/9/2019,48.905998,TSLA
10/10/2019,280.480011,NFLX
10/10/2019,1720.26001,AMZN
10/10/2019,28.450001,BAC
10/10/2019,53.66,KO
10/10/2019,48.948002,TSLA
10/10/2019,371,BA
10/11/2019,28.91,BAC
10/11/2019,49.577999,TSLA
10/11/2019,53.299999,KO
10/11/2019,1731.920044,AMZN
10/11/2019,374.920013,BA
10/11/2019,282.929993,NFLX
10/14/2019,51.391998,TSLA
10/14/2019,29.139999,BAC
10/14/2019,285.529999,NFLX
10/14/2019,373.179993,BA
10/14/2019,53.299999,KO
10/14/2019,1736.430054,AMZN
10/15/2019,29.73,BAC
10/15/2019,53.509998,KO
10/15/2019,1767.380005,AMZN
10/15/2019,51.577999,TSLA
10/15/2019,284.25,NFLX
10/15/2019,370.959991,BA
10/16/2019,286.279999,NFLX
10/16/2019,30.17,BAC
10/16/2019,51.950001,TSLA
10/16/2019,372.429993,BA
10/16/2019,53.490002,KO
10/16/2019,1777.430054,AMZN
10/17/2019,53.790001,KO
10/17/2019,1787.47998,AMZN
10/17/2019,293.350006,NFLX
10/17/2019,52.394001,TSLA
10/17/2019,369.059998,BA
10/17/2019,30.26,BAC
10/18/2019,30.35,BAC
10/18/2019,1757.51001,AMZN
10/18/2019,344,BA
10/18/2019,275.299988,NFLX
10/18/2019,54.779999,KO
10/18/2019,51.389999,TSLA
10/21/2019,54.23,KO
10/21/2019,1785.660034,AMZN
10/21/2019,331.059998,BA
10/21/2019,50.700001,TSLA
10/21/2019,278.049988,NFLX
10/21/2019,31.02,BAC
10/22/2019,1765.72998,AMZN
10/22/2019,337,BA
10/22/2019,266.690002,NFLX
10/22/2019,53.849998,KO
10/22/2019,31.200001,BAC
10/22/2019,51.116001,TSLA
10/23/2019,1762.170044,AMZN
10/23/2019,54.639999,KO
10/23/2019,31.42,BAC
10/23/2019,340.5,BA
10/23/2019,50.936001,TSLA
10/23/2019,271.269989,NFLX
10/24/2019,271.5,NFLX
10/24/2019,59.936001,TSLA
10/24/2019,54.610001,KO
10/24/2019,344.549988,BA
10/24/2019,1780.780029,AMZN
10/24/2019,31.360001,BAC
10/25/2019,53.75,KO
10/25/2019,276.820007,NFLX
10/25/2019,65.625999,TSLA
10/25/2019,339.829987,BA
10/25/2019,1761.329956,AMZN
10/25/2019,31.719999,BAC
10/28/2019,31.84,BAC
10/28/2019,53.57,KO
10/28/2019,1777.079956,AMZN
10/28/2019,281.859985,NFLX
10/28/2019,65.542,TSLA
10/28/2019,340.880005,BA
10/29/2019,348.929993,BA
10/29/2019,281.209991,NFLX
10/29/2019,63.243999,TSLA
10/29/2019,53.41,KO
10/29/2019,1762.709961,AMZN
10/29/2019,32.07,BAC
10/30/2019,1779.98999,AMZN
10/30/2019,346.059998,BA
10/30/2019,53.939999,KO
10/30/2019,291.450012,NFLX
10/30/2019,31.620001,BAC
10/30/2019,63.001999,TSLA
10/31/2019,287.410004,NFLX
10/31/2019,54.43,KO
10/31/2019,31.27,BAC
10/31/2019,62.984001,TSLA
10/31/2019,339.910004,BA
10/31/2019,1776.660034,AMZN
11/1/2019,53.900002,KO
11/1/2019,31.799999,BAC
11/1/2019,1791.439941,AMZN
11/1/2019,62.661999,TSLA
11/1/2019,286.809998,NFLX
11/1/2019,345.190002,BA
11/4/2019,1804.660034,AMZN
11/4/2019,351.089996,BA
11/4/2019,53.139999,KO
11/4/2019,292.859985,NFLX
11/4/2019,63.493999,TSLA
11/4/2019,32.400002,BAC
11/5/2019,1801.709961,AMZN
11/5/2019,288.029999,NFLX
11/5/2019,358.290009,BA
11/5/2019,32.82,BAC
11/5/2019,63.444,TSLA
11/5/2019,52.419998,KO
11/6/2019,288.589996,NFLX
11/6/2019,32.790001,BAC
11/6/2019,65.316002,TSLA
11/6/2019,1795.77002,AMZN
11/6/2019,354.190002,BA
11/6/2019,52.799999,KO
11/7/2019,1788.199951,AMZN
11/7/2019,52.290001,KO
11/7/2019,33.23,BAC
11/7/2019,289.570007,NFLX
11/7/2019,357.309998,BA
11/7/2019,67.108002,TSLA
11/8/2019,33.259998,BAC
11/8/2019,291.570007,NFLX
11/8/2019,1785.880005,AMZN
11/8/2019,67.428001,TSLA
11/8/2019,351,BA
11/8/2019,52.209999,KO
11/11/2019,33.18,BAC
11/11/2019,366.959991,BA
11/11/2019,69.017998,TSLA
11/11/2019,1771.650024,AMZN
11/11/2019,51.84,KO
11/11/2019,294.179993,NFLX
11/12/2019,33.09,BAC
11/12/2019,69.986,TSLA
11/12/2019,362.880005,BA
11/12/2019,51.709999,KO
11/12/2019,1778,AMZN
11/12/2019,292.01001,NFLX
11/13/2019,32.790001,BAC
11/13/2019,362.5,BA
11/13/2019,283.109985,NFLX
11/13/2019,52.41,KO
11/13/2019,1753.109985,AMZN
11/13/2019,69.222,TSLA
11/14/2019,32.700001,BAC
11/14/2019,52.630001,KO
11/14/2019,69.870003,TSLA
11/14/2019,367.440002,BA
11/14/2019,289.619995,NFLX
11/14/2019,1754.599976,AMZN
11/15/2019,32.93,BAC
11/15/2019,295.029999,NFLX
11/15/2019,371.679993,BA
11/15/2019,52.669998,KO
11/15/2019,70.433998,TSLA
11/15/2019,1739.48999,AMZN
11/18/2019,69.998001,TSLA
11/18/2019,369.459991,BA
11/18/2019,53.029999,KO
11/18/2019,32.959999,BAC
11/18/2019,302.570007,NFLX
11/18/2019,1752.530029,AMZN
11/19/2019,71.903999,TSLA
11/19/2019,302.600006,NFLX
11/19/2019,53.080002,KO
11/19/2019,32.939999,BAC
11/19/2019,1752.790039,AMZN
11/19/2019,367,BA
11/20/2019,1745.530029,AMZN
11/20/2019,32.689999,BAC
11/20/2019,370.910004,BA
11/20/2019,70.444,TSLA
11/20/2019,305.160004,NFLX
11/20/2019,53.220001,KO
11/21/2019,366.440002,BA
11/21/2019,52.959999,KO
11/21/2019,32.84,BAC
11/21/2019,1734.709961,AMZN
11/21/2019,311.690002,NFLX
11/21/2019,70.966003,TSLA
11/22/2019,66.608002,TSLA
11/22/2019,1745.719971,AMZN
11/22/2019,33.18,BAC
11/22/2019,310.480011,NFLX
11/22/2019,371.339996,BA
11/22/2019,53.029999,KO
11/25/2019,53.220001,KO
11/25/2019,33.470001,BAC
11/25/2019,373.130005,BA
11/25/2019,67.267998,TSLA
11/25/2019,1773.839966,AMZN
11/25/2019,315.549988,NFLX
11/26/2019,53.900002,KO
11/26/2019,33.349998,BAC
11/26/2019,373.51001,BA
11/26/2019,1796.939941,AMZN
11/26/2019,65.783997,TSLA
11/26/2019,312.48999,NFLX
11/27/2019,315.929993,NFLX
11/27/2019,53.950001,KO
11/27/2019,1818.51001,AMZN
11/27/2019,66.258003,TSLA
11/27/2019,368,BA
11/27/2019,33.419998,BAC
11/29/2019,314.660004,NFLX
11/29/2019,65.987999,TSLA
11/29/2019,1800.800049,AMZN
11/29/2019,53.400002,KO
11/29/2019,33.32,BAC
11/29/2019,366.179993,BA
12/2/2019,53.75,KO
12/2/2019,309.98999,NFLX
12/2/2019,33.43,BAC
12/2/2019,355.179993,BA
12/2/2019,66.973999,TSLA
12/2/2019,1781.599976,AMZN
12/3/2019,352.079987,BA
12/3/2019,306.160004,NFLX
12/3/2019,67.239998,TSLA
12/3/2019,53.799999,KO
12/3/2019,1769.959961,AMZN
12/3/2019,32.84,BAC
12/4/2019,348.839996,BA
12/4/2019,33.150002,BAC
12/4/2019,304.320007,NFLX
12/4/2019,1760.689941,AMZN
12/4/2019,66.606003,TSLA
12/4/2019,54.290001,KO
12/5/2019,66.073997,TSLA
12/5/2019,1740.47998,AMZN
12/5/2019,345.679993,BA
12/5/2019,54.189999,KO
12/5/2019,33.09,BAC
12/5/2019,302.859985,NFLX
12/6/2019,67.178001,TSLA
12/6/2019,354.089996,BA
12/6/2019,33.669998,BAC
12/6/2019,1751.599976,AMZN
12/6/2019,54.419998,KO
12/6/2019,307.350006,NFLX
12/9/2019,33.509998,BAC
12/9/2019,302.5,NFLX
12/9/2019,1749.51001,AMZN
12/9/2019,67.905998,TSLA
12/9/2019,351.209991,BA
12/9/2019,54.07,KO
12/10/2019,33.529999,BAC
12/10/2019,1739.209961,AMZN
12/10/2019,347.899994,BA
12/10/2019,69.767998,TSLA
12/10/2019,293.119995,NFLX
12/10/2019,53.77,KO
12/11/2019,350,BA
12/11/2019,70.540001,TSLA
12/11/2019,1748.719971,AMZN
12/11/2019,53.950001,KO
12/11/2019,33.639999,BAC
12/11/2019,298.929993,NFLX
12/12/2019,346.290009,BA
12/12/2019,1760.329956,AMZN
12/12/2019,71.935997,TSLA
12/12/2019,54.139999,KO
12/12/2019,34.68,BAC
12/12/2019,298.440002,NFLX
12/13/2019,54.419998,KO
12/13/2019,1760.939941,AMZN
12/13/2019,34.439999,BAC
12/13/2019,341.670013,BA
12/13/2019,71.678001,TSLA
12/13/2019,298.5,NFLX
12/16/2019,76.300003,TSLA
12/16/2019,54.419998,KO
12/16/2019,34.700001,BAC
12/16/2019,1769.209961,AMZN
12/16/2019,327,BA
12/16/2019,304.209991,NFLX
12/17/2019,75.797997,TSLA
12/17/2019,315.480011,NFLX
12/17/2019,35.040001,BAC
12/17/2019,1790.660034,AMZN
12/17/2019,54.419998,KO
12/17/2019,327,BA
12/18/2019,320.799988,NFLX
12/18/2019,1784.030029,AMZN
12/18/2019,53.91,KO
12/18/2019,78.629997,TSLA
12/18/2019,330.679993,BA
12/18/2019,35.110001,BAC
12/19/2019,80.807999,TSLA
12/19/2019,333.5,BA
12/19/2019,54.32,KO
12/19/2019,332.220001,NFLX
12/19/2019,1792.280029,AMZN
12/19/2019,34.950001,BAC
12/20/2019,81.117996,TSLA
12/20/2019,54.970001,KO
12/20/2019,336.899994,NFLX
12/20/2019,1786.5,AMZN
12/20/2019,328,BA
12/20/2019,34.959999,BAC
12/23/2019,54.91,KO
12/23/2019,35.169998,BAC
12/23/2019,337.549988,BA
12/23/2019,333.100006,NFLX
12/23/2019,83.844002,TSLA
12/23/2019,1793,AMZN
12/24/2019,54.709999,KO
12/24/2019,333.200012,NFLX
12/24/2019,35.220001,BAC
12/24/2019,1789.209961,AMZN
12/24/2019,85.050003,TSLA
12/24/2019,333,BA
12/26/2019,329.920013,BA
12/26/2019,332.630005,NFLX
12/26/2019,86.188004,TSLA
12/26/2019,55.02,KO
12/26/2019,35.52,BAC
12/26/2019,1868.77002,AMZN
12/27/2019,330.140015,BA
12/27/2019,329.089996,NFLX
12/27/2019,86.075996,TSLA
12/27/2019,35.349998,BAC
12/27/2019,55.349998,KO
12/27/2019,1869.800049,AMZN
12/30/2019,55.27,KO
12/30/2019,1846.890015,AMZN
12/30/2019,82.940002,TSLA
12/30/2019,326.399994,BA
12/30/2019,35.150002,BAC
12/30/2019,323.309998,NFLX
12/31/2019,83.666,TSLA
12/31/2019,323.570007,NFLX
12/31/2019,325.76001,BA
12/31/2019,1847.839966,AMZN
12/31/2019,35.220001,BAC
12/31/2019,55.349998,KO
1/2/2020,35.639999,BAC
1/2/2020,86.052002,TSLA
1/2/2020,1898.01001,AMZN
1/2/2020,54.990002,KO
1/2/2020,333.320007,BA
1/2/2020,329.809998,NFLX
1/3/2020,34.900002,BAC
1/3/2020,325.899994,NFLX
1/3/2020,1874.969971,AMZN
1/3/2020,54.689999,KO
1/3/2020,332.76001,BA
1/3/2020,88.601997,TSLA
1/6/2020,333.73999,BA
1/6/2020,1902.880005,AMZN
1/6/2020,335.829987,NFLX
1/6/2020,54.669998,KO
1/6/2020,34.849998,BAC
1/6/2020,90.307999,TSLA
1/7/2020,330.75,NFLX
1/7/2020,1906.859985,AMZN
1/7/2020,337.279999,BA
1/7/2020,54.25,KO
1/7/2020,93.811996,TSLA
1/7/2020,34.619999,BAC
1/8/2020,331.369995,BA
1/8/2020,34.970001,BAC
1/8/2020,54.349998,KO
1/8/2020,98.428001,TSLA
1/8/2020,339.26001,NFLX
1/8/2020,1891.969971,AMZN
1/9/2020,96.267998,TSLA
1/9/2020,55.34,KO
1/9/2020,1901.050049,AMZN
1/9/2020,335.660004,NFLX
1/9/2020,336.339996,BA
1/9/2020,35.029999,BAC
1/10/2020,1883.160034,AMZN
1/10/2020,329.920013,BA
1/10/2020,95.629997,TSLA
1/10/2020,55.529999,KO
1/10/2020,34.740002,BAC
1/10/2020,329.049988,NFLX
1/13/2020,104.972,TSLA
1/13/2020,1891.300049,AMZN
1/13/2020,330.220001,BA
1/13/2020,56.130001,KO
1/13/2020,35.060001,BAC
1/14/2020,1869.439941,AMZN
1/14/2020,332.350006,BA
1/14/2020,107.584,TSLA
1/14/2020,35.32,BAC
1/14/2020,56,KO
1/15/2020,329.799988,BA
1/15/2020,56.700001,KO
1/15/2020,34.669998,BAC
1/15/2020,1862.02002,AMZN
1/15/2020,103.699997,TSLA
1/16/2020,34.720001,BAC
1/16/2020,1877.939941,AMZN
1/16/2020,102.697998,TSLA
1/16/2020,332,BA
1/16/2020,56.82,KO
1/17/2020,34.709999,BAC
1/17/2020,102.099998,TSLA
1/17/2020,56.939999,KO
1/17/2020,324.149994,BA
1/17/2020,1864.719971,AMZN
1/21/2020,57.169998,KO
1/21/2020,109.440002,TSLA
1/21/2020,34.259998,BAC
1/21/2020,1892,AMZN
1/21/2020,313.369995,BA
1/22/2020,309,BA
1/22/2020,1887.459961,AMZN
1/22/2020,113.912003,TSLA
1/22/2020,34.360001,BAC
1/22/2020,57.610001,KO
1/23/2020,317.790009,BA
1/23/2020,34.119999,BAC
1/23/2020,1884.579956,AMZN
1/23/2020,57.830002,KO
1/23/2020,114.440002,TSLA
1/24/2020,57.68,KO
1/24/2020,33.540001,BAC
1/24/2020,1861.640015,AMZN
1/24/2020,323.049988,BA
1/24/2020,112.963997,TSLA
1/27/2020,111.603996,TSLA
1/27/2020,1828.339966,AMZN
1/27/2020,57.48,KO
1/27/2020,316.600006,BA
1/27/2020,32.849998,BAC
1/28/2020,113.379997,TSLA
1/28/2020,57.009998,KO
1/28/2020,33.240002,BAC
1/28/2020,1853.25,AMZN
1/28/2020,316.559998,BA
1/29/2020,322.019989,BA
1/29/2020,33.009998,BAC
1/29/2020,116.197998,TSLA
1/29/2020,1858,AMZN
1/29/2020,57.009998,KO
1/30/2020,128.162003,TSLA
1/30/2020,33.48,BAC
1/30/2020,1870.680054,AMZN
1/30/2020,323.299988,BA
1/30/2020,58.860001,KO
1/31/2020,58.400002,KO
1/31/2020,130.113998,TSLA
1/31/2020,32.830002,BAC
1/31/2020,2008.719971,AMZN
1/31/2020,318.269989,BA
2/3/2020,58.580002,KO
2/3/2020,32.970001,BAC
2/3/2020,2004.199951,AMZN
2/3/2020,316,BA
2/3/2020,156,TSLA
2/4/2020,33.619999,BAC
2/4/2020,58.84,KO
2/4/2020,2049.669922,AMZN
2/4/2020,317.940002,BA
2/4/2020,177.412003,TSLA
2/5/2020,58.849998,KO
2/5/2020,34.709999,BAC
2/5/2020,329.549988,BA
2/5/2020,146.940002,TSLA
2/5/2020,2039.869995,AMZN
2/6/2020,34.669998,BAC
2/6/2020,149.792007,TSLA
2/6/2020,341.429993,BA
2/6/2020,58.990002,KO
2/6/2020,2050.22998,AMZN
2/7/2020,149.613998,TSLA
2/7/2020,34.610001,BAC
2/7/2020,2079.280029,AMZN
2/7/2020,59.189999,KO
2/7/2020,336.75,BA
2/10/2020,34.689999,BAC
2/10/2020,2133.909912,AMZN
2/10/2020,154.255997,TSLA
2/10/2020,59.75,KO
2/10/2020,344.670013,BA
2/11/2020,154.876007,TSLA
2/11/2020,344.420013,BA
2/11/2020,34.77,BAC
2/11/2020,59.59,KO
2/11/2020,2150.800049,AMZN
2/12/2020,153.457993,TSLA
2/12/2020,347.450012,BA
2/12/2020,59.41,KO
2/12/2020,2160,AMZN
2/12/2020,34.919998,BAC
2/13/2020,160.800003,TSLA
2/13/2020,2149.870117,AMZN
2/13/2020,342.820007,BA
2/13/2020,34.91,BAC
2/13/2020,59.610001,KO
2/14/2020,59.950001,KO
2/14/2020,2134.870117,AMZN
2/14/2020,34.849998,BAC
2/14/2020,340.48999,BA
2/14/2020,160.005997,TSLA
2/18/2020,34.27,BAC
2/18/2020,2155.669922,AMZN
2/18/2020,338.880005,BA
2/18/2020,59.529999,KO
2/18/2020,171.679993,TSLA
2/19/2020,183.483994,TSLA
2/19/2020,59.77,KO
2/19/2020,338.299988,BA
2/19/2020,2170.219971,AMZN
2/19/2020,34.720001,BAC
2/20/2020,34.849998,BAC
2/20/2020,179.882004,TSLA
2/20/2020,59.720001,KO
2/20/2020,336.279999,BA
2/20/2020,2153.100098,AMZN
2/21/2020,34.360001,BAC
2/21/2020,330.380005,BA
2/21/2020,60.130001,KO
2/21/2020,180.199997,TSLA
2/21/2020,2095.969971,AMZN
2/24/2020,58.650002,KO
2/24/2020,32.73,BAC
2/24/2020,2009.290039,AMZN
2/24/2020,317.899994,BA
2/24/2020,166.757996,TSLA
2/25/2020,31.08,BAC
2/25/2020,57.82,KO
2/25/2020,159.981995,TSLA
2/25/2020,1972.73999,AMZN
2/25/2020,304.140015,BA
2/26/2020,30.629999,BAC
2/26/2020,57.599998,KO
2/26/2020,1979.589966,AMZN
2/26/2020,155.759995,TSLA
2/26/2020,305.589996,BA
2/27/2020,1884.300049,AMZN
2/27/2020,135.800003,TSLA
2/27/2020,54.93,KO
2/27/2020,287.76001,BA
2/27/2020,29.129999,BAC
2/28/2020,275.109985,BA
2/28/2020,1883.75,AMZN
2/28/2020,28.5,BAC
2/28/2020,53.490002,KO
2/28/2020,133.598007,TSLA
3/2/2020,289.269989,BA
3/2/2020,55.919998,KO
3/2/2020,29.370001,BAC
3/2/2020,148.723999,TSLA
3/2/2020,1953.949951,AMZN
3/3/2020,149.102005,TSLA
3/3/2020,27.75,BAC
3/3/2020,56.060001,KO
3/3/2020,280.619995,BA
3/3/2020,1908.98999,AMZN
3/4/2020,1975.829956,AMZN
3/4/2020,28.389999,BAC
3/4/2020,58.919998,KO
3/4/2020,149.899994,TSLA
3/4/2020,283.119995,BA
3/5/2020,56.740002,KO
3/5/2020,26.780001,BAC
3/5/2020,1924.030029,AMZN
3/5/2020,144.908005,TSLA
3/5/2020,260.369995,BA
3/6/2020,1901.089966,AMZN
3/6/2020,55.259998,KO
3/6/2020,25.709999,BAC
3/6/2020,140.695999,TSLA
3/6/2020,262.329987,BA
3/9/2020,227.169998,BA
3/9/2020,121.599998,TSLA
3/9/2020,1800.609985,AMZN
3/9/2020,21.93,BAC
3/9/2020,51.860001,KO
3/10/2020,231.009995,BA
3/10/2020,53.66,KO
3/10/2020,129.065994,TSLA
3/10/2020,23.610001,BAC
3/10/2020,1891.819946,AMZN
3/11/2020,52.209999,KO
3/11/2020,126.846001,TSLA
3/11/2020,22.67,BAC
3/11/2020,1820.859985,AMZN
3/11/2020,189.080002,BA
3/12/2020,1676.609985,AMZN
3/12/2020,47.16,KO
3/12/2020,20.51,BAC
3/12/2020,112.110001,TSLA
3/12/2020,154.839996,BA
3/13/2020,170.199997,BA
3/13/2020,1785,AMZN
3/13/2020,24.16,BAC
3/13/2020,109.323997,TSLA
3/13/2020,48.470001,KO
3/16/2020,89.014,TSLA
3/16/2020,129.610001,BA
3/16/2020,1689.150024,AMZN
3/16/2020,20.440001,BAC
3/16/2020,45.259998,KO
3/17/2020,47.18,KO
3/17/2020,124.139999,BA
3/17/2020,21.98,BAC
3/17/2020,86.040001,TSLA
3/17/2020,1807.839966,AMZN
3/18/2020,101.889999,BA
3/18/2020,44.849998,KO
3/18/2020,20.790001,BAC
3/18/2020,72.244003,TSLA
3/18/2020,1830,AMZN
3/19/2020,21.200001,BAC
3/19/2020,85.528,TSLA
3/19/2020,97.709999,BA
3/19/2020,1880.930054,AMZN
3/19/2020,41.830002,KO
3/20/2020,85.505997,TSLA
3/20/2020,38.299999,KO
3/20/2020,95.010002,BA
3/20/2020,19.67,BAC
3/20/2020,1846.089966,AMZN
3/23/2020,105.620003,BA
3/23/2020,86.858002,TSLA
3/23/2020,18.08,BAC
3/23/2020,37.560001,KO
3/23/2020,1902.829956,AMZN
3/24/2020,101,TSLA
3/24/2020,39.450001,KO
3/24/2020,1940.099976,AMZN
3/24/2020,127.68,BA
3/24/2020,21.030001,BAC
3/25/2020,107.849998,TSLA
3/25/2020,1885.839966,AMZN
3/25/2020,21.1,BAC
3/25/2020,41.610001,KO
3/25/2020,158.729996,BA
3/26/2020,22.719999,BAC
3/26/2020,105.632004,TSLA
3/26/2020,180.550003,BA
3/26/2020,44.290001,KO
3/26/2020,1955.48999,AMZN
3/27/2020,162,BA
3/27/2020,1900.099976,AMZN
3/27/2020,21.6,BAC
3/27/2020,42.810001,KO
3/27/2020,102.872002,TSLA
3/30/2020,22.040001,BAC
3/30/2020,1963.949951,AMZN
3/30/2020,45,KO
3/30/2020,100.426003,TSLA
3/30/2020,152.279999,BA
3/31/2020,1949.719971,AMZN
3/31/2020,104.800003,TSLA
3/31/2020,149.139999,BA
3/31/2020,21.23,BAC
3/31/2020,44.25,KO
4/1/2020,42.119999,KO
4/1/2020,19.77,BAC
4/1/2020,96.311996,TSLA
4/1/2020,130.699997,BA
4/1/2020,1907.699951,AMZN
4/2/2020,90.893997,TSLA
4/2/2020,43.950001,KO
4/2/2020,1918.829956,AMZN
4/2/2020,123.269997,BA
4/2/2020,20.57,BAC
4/3/2020,124.519997,BA
4/3/2020,43.830002,KO
4/3/2020,96.001999,TSLA
4/3/2020,1906.589966,AMZN
4/3/2020,20.030001,BAC
4/6/2020,1997.589966,AMZN
4/6/2020,46.669998,KO
4/6/2020,103.248001,TSLA
4/6/2020,21.389999,BAC
4/6/2020,148.770004,BA
4/7/2020,2011.599976,AMZN
4/7/2020,109.089996,TSLA
4/7/2020,46.509998,KO
4/7/2020,141.580002,BA
4/7/2020,22.139999,BAC
4/8/2020,146.869995,BA
4/8/2020,23.450001,BAC
4/8/2020,2043,AMZN
4/8/2020,109.767998,TSLA
4/8/2020,47.82,KO
4/9/2020,2042.76001,AMZN
4/9/2020,114.599998,TSLA
4/9/2020,24.860001,BAC
4/9/2020,49,KO
4/9/2020,151.839996,BA
4/13/2020,130.190002,TSLA
4/13/2020,2168.870117,AMZN
4/13/2020,147.330002,BA
4/13/2020,23.92,BAC
4/13/2020,46.93,KO
4/14/2020,141.977997,TSLA
4/14/2020,2283.320068,AMZN
4/14/2020,23.73,BAC
4/14/2020,48.919998,KO
4/14/2020,141,BA
4/15/2020,47.610001,KO
4/15/2020,145.966003,TSLA
4/15/2020,145.979996,BA
4/15/2020,2307.679932,AMZN
4/15/2020,22.190001,BAC
4/16/2020,21.42,BAC
4/16/2020,47.099998,KO
4/16/2020,2408.189941,AMZN
4/16/2020,149.042007,TSLA
4/16/2020,134.240005,BA
4/17/2020,154,BA
4/17/2020,2375,AMZN
4/17/2020,150.778,TSLA
4/17/2020,23.280001,BAC
4/17/2020,48.060001,KO
4/20/2020,149.272003,TSLA
4/20/2020,22.5,BAC
4/20/2020,46.529999,KO
4/20/2020,143.610001,BA
4/20/2020,2393.610107,AMZN
4/21/2020,21.639999,BAC
4/21/2020,45.380001,KO
4/21/2020,136.330002,BA
4/21/2020,2328.120117,AMZN
4/21/2020,137.343994,TSLA
4/22/2020,146.421997,TSLA
4/22/2020,45.68,KO
4/22/2020,21.799999,BAC
4/22/2020,2363.48999,AMZN
4/22/2020,134.970001,BA
4/23/2020,21.870001,BAC
4/23/2020,2399.449951,AMZN
4/23/2020,45.07,KO
4/23/2020,137.740005,BA
4/23/2020,141.126007,TSLA
4/24/2020,22.18,BAC
4/24/2020,128.979996,BA
4/24/2020,145.029999,TSLA
4/24/2020,45.43,KO
4/24/2020,2410.219971,AMZN
4/27/2020,159.75,TSLA
4/27/2020,128.679993,BA
4/27/2020,23.469999,BAC
4/27/2020,46.779999,KO
4/27/2020,2376,AMZN
4/28/2020,153.824005,TSLA
4/28/2020,46.740002,KO
4/28/2020,2314.080078,AMZN
4/28/2020,23.889999,BAC
4/28/2020,131.300003,BA
4/29/2020,24.780001,BAC
4/29/2020,139,BA
4/29/2020,47.119999,KO
4/29/2020,2372.709961,AMZN
4/29/2020,160.102005,TSLA
4/30/2020,2474,AMZN
4/30/2020,141.020004,BA
4/30/2020,24.049999,BAC
4/30/2020,156.376007,TSLA
4/30/2020,45.889999,KO
5/1/2020,2286.040039,AMZN
5/1/2020,23.08,BAC
5/1/2020,140.264008,TSLA
5/1/2020,45.599998,KO
5/1/2020,133.369995,BA
5/4/2020,2315.98999,AMZN
5/4/2020,45.139999,KO
5/4/2020,131.460007,BA
5/4/2020,152.238007,TSLA
5/4/2020,22.93,BAC
5/5/2020,125.400002,BA
5/5/2020,153.641998,TSLA
5/5/2020,22.66,BAC
5/5/2020,2317.800049,AMZN
5/5/2020,45.400002,KO
5/6/2020,44.75,KO
5/6/2020,156.516006,TSLA
5/6/2020,22.35,BAC
5/6/2020,121.860001,BA
5/6/2020,2351.26001,AMZN
5/7/2020,22.84,BAC
5/7/2020,44.599998,KO
5/7/2020,156.007996,TSLA
5/7/2020,128.649994,BA
5/7/2020,2367.610107,AMZN
5/8/2020,2379.610107,AMZN
5/8/2020,46.110001,KO
5/8/2020,163.884003,TSLA
5/8/2020,23.57,BAC
5/8/2020,133.440002,BA
5/11/2020,162.257996,TSLA
5/11/2020,45.540001,KO
5/11/2020,22.58,BAC
5/11/2020,2409,AMZN
5/11/2020,128.910004,BA
5/12/2020,44.82,KO
5/12/2020,21.870001,BAC
5/12/2020,125.220001,BA
5/12/2020,2356.949951,AMZN
5/12/2020,161.882004,TSLA
5/13/2020,2367.919922,AMZN
5/13/2020,20.870001,BAC
5/13/2020,121.5,BA
5/13/2020,158.192001,TSLA
5/13/2020,43.939999,KO
5/14/2020,122.519997,BA
5/14/2020,160.666,TSLA
5/14/2020,43.700001,KO
5/14/2020,2388.850098,AMZN
5/14/2020,21.709999,BAC
5/15/2020,120,BA
5/15/2020,21.440001,BAC
5/15/2020,43.259998,KO
5/15/2020,2409.780029,AMZN
5/15/2020,159.834,TSLA
5/18/2020,44.970001,KO
5/18/2020,162.725998,TSLA
5/18/2020,135.440002,BA
5/18/2020,2426.26001,AMZN
5/18/2020,22.93,BAC
5/19/2020,44.540001,KO
5/19/2020,22.209999,BAC
5/19/2020,161.602005,TSLA
5/19/2020,2449.330078,AMZN
5/19/2020,130.440002,BA
5/20/2020,22.91,BAC
5/20/2020,2497.939941,AMZN
5/20/2020,45.889999,KO
5/20/2020,133.320007,BA
5/20/2020,163.112,TSLA
5/21/2020,165.520004,TSLA
5/21/2020,22.9,BAC
5/21/2020,2446.73999,AMZN
5/21/2020,139,BA
5/21/2020,45.169998,KO
5/22/2020,137.529999,BA
5/22/2020,163.376007,TSLA
5/22/2020,2436.879883,AMZN
5/22/2020,45.029999,KO
5/22/2020,22.66,BAC
5/26/2020,46.09,KO
5/26/2020,144.729996,BA
5/26/2020,2421.860107,AMZN
5/26/2020,163.774002,TSLA
5/26/2020,24.280001,BAC
5/27/2020,2410.389893,AMZN
5/27/2020,149.520004,BA
5/27/2020,164.046005,TSLA
5/27/2020,46.73,KO
5/27/2020,25.98,BAC
5/28/2020,24.860001,BAC
5/28/2020,161.162003,TSLA
5/28/2020,2401.100098,AMZN
5/28/2020,47.09,KO
5/28/2020,149.820007,BA
5/29/2020,167,TSLA
5/29/2020,46.68,KO
5/29/2020,145.850006,BA
5/29/2020,2442.370117,AMZN
5/29/2020,24.120001,BAC
6/1/2020,151.389999,BA
6/1/2020,179.619995,TSLA
6/1/2020,24.610001,BAC
6/1/2020,46.990002,KO
6/1/2020,2471.040039,AMZN
6/2/2020,2472.409912,AMZN
6/2/2020,46.900002,KO
6/2/2020,153.309998,BA
6/2/2020,24.84,BAC
6/2/2020,176.311996,TSLA
6/3/2020,2478.399902,AMZN
6/3/2020,47.900002,KO
6/3/2020,173.160004,BA
6/3/2020,25.99,BAC
6/3/2020,176.591995,TSLA
6/4/2020,184.300003,BA
6/4/2020,172.876007,TSLA
6/4/2020,26.780001,BAC
6/4/2020,47.919998,KO
6/4/2020,2460.600098,AMZN
6/5/2020,177.132004,TSLA
6/5/2020,28.110001,BAC
6/5/2020,205.429993,BA
6/5/2020,49.09,KO
6/5/2020,2483,AMZN
6/8/2020,28.540001,BAC
6/8/2020,189.983994,TSLA
6/8/2020,49.849998,KO
6/8/2020,2524.060059,AMZN
6/8/2020,230.5,BA
6/9/2020,2600.860107,AMZN
6/9/2020,49,KO
6/9/2020,28.219999,BAC
6/9/2020,216.740005,BA
6/9/2020,188.134003,TSLA
6/10/2020,205.009995,TSLA
6/10/2020,48.619999,KO
6/10/2020,203.410004,BA
6/10/2020,2647.449951,AMZN
6/10/2020,26.6,BAC
6/11/2020,194.567993,TSLA
6/11/2020,45.540001,KO
6/11/2020,2557.959961,AMZN
6/11/2020,23.93,BAC
6/11/2020,170,BA
6/12/2020,189.509995,BA
6/12/2020,2545.02002,AMZN
6/12/2020,187.056,TSLA
6/12/2020,24.780001,BAC
6/12/2020,45.599998,KO
6/15/2020,2572.679932,AMZN
6/15/2020,198.179993,TSLA
6/15/2020,25.15,BAC
6/15/2020,46.299999,KO
6/15/2020,190.940002,BA
6/16/2020,197.770004,BA
6/16/2020,46.77,KO
6/16/2020,25.799999,BAC
6/16/2020,196.425995,TSLA
6/16/2020,2615.27002,AMZN
6/17/2020,2640.97998,AMZN
6/17/2020,192.539993,BA
6/17/2020,46.580002,KO
6/17/2020,25,BAC
6/17/2020,198.358002,TSLA
6/18/2020,46.990002,KO
6/18/2020,2653.97998,AMZN
6/18/2020,200.792007,TSLA
6/18/2020,192.289993,BA
6/18/2020,25.040001,BAC
6/19/2020,25.25,BAC
6/19/2020,46.02,KO
6/19/2020,200.179993,TSLA
6/19/2020,187.020004,BA
6/19/2020,2675.01001,AMZN
6/22/2020,188.520004,BA
6/22/2020,198.863998,TSLA
6/22/2020,2713.820068,AMZN
6/22/2020,24.620001,BAC
6/22/2020,45.740002,KO
6/23/2020,187.880005,BA
6/23/2020,200.356003,TSLA
6/23/2020,24.790001,BAC
6/23/2020,2764.409912,AMZN
6/23/2020,45.639999,KO
6/24/2020,2734.399902,AMZN
6/24/2020,23.809999,BAC
6/24/2020,44.650002,KO
6/24/2020,192.169998,TSLA
6/24/2020,176.690002,BA
6/25/2020,44.93,KO
6/25/2020,24.719999,BAC
6/25/2020,2754.580078,AMZN
6/25/2020,174.880005,BA
6/25/2020,197.195999,TSLA
6/26/2020,23.15,BAC
6/26/2020,2692.870117,AMZN
6/26/2020,170.009995,BA
6/26/2020,191.947998,TSLA
6/26/2020,43.57,KO
6/29/2020,23.389999,BAC
6/29/2020,2680.379883,AMZN
6/29/2020,194.490005,BA
6/29/2020,201.869995,TSLA
6/29/2020,44.360001,KO
6/30/2020,215.962006,TSLA
6/30/2020,23.75,BAC
6/30/2020,183.300003,BA
6/30/2020,2758.820068,AMZN
6/30/2020,44.68,KO
7/1/2020,23.26,BAC
7/1/2020,223.925995,TSLA
7/1/2020,2878.699951,AMZN
7/1/2020,44.82,KO
7/1/2020,180.320007,BA
7/2/2020,180.809998,BA
7/2/2020,2890.300049,AMZN
7/2/2020,44.880001,KO
7/2/2020,23.290001,BAC
7/2/2020,241.731995,TSLA
7/6/2020,274.31601,TSLA
7/6/2020,3057.040039,AMZN
7/6/2020,187.910004,BA
7/6/2020,45.23,KO
7/6/2020,23.66,BAC
7/7/2020,23.01,BAC
7/7/2020,45.209999,KO
7/7/2020,3000.120117,AMZN
7/7/2020,178.880005,BA
7/7/2020,277.971985,TSLA
7/8/2020,23.1,BAC
7/8/2020,3081.110107,AMZN
7/8/2020,45.07,KO
7/8/2020,180.080002,BA
7/8/2020,273.175995,TSLA
7/9/2020,3182.629883,AMZN
7/9/2020,43.91,KO
7/9/2020,173.279999,BA
7/9/2020,22.77,BAC
7/9/2020,278.855988,TSLA
7/10/2020,308.929993,TSLA
7/10/2020,45.150002,KO
7/10/2020,178.440002,BA
7/10/2020,24.02,BAC
7/10/2020,3200,AMZN
7/13/2020,299.411987,TSLA
7/13/2020,45.25,KO
7/13/2020,24.190001,BAC
7/13/2020,175.649994,BA
7/13/2020,3104,AMZN
7/14/2020,45.869999,KO
7/14/2020,3084,AMZN
7/14/2020,179.960007,BA
7/14/2020,303.359985,TSLA
7/14/2020,24.139999,BAC
7/15/2020,187.940002,BA
7/15/2020,24.6,BAC
7/15/2020,309.201996,TSLA
7/15/2020,46.400002,KO
7/15/2020,3008.870117,AMZN
7/16/2020,2999.899902,AMZN
7/16/2020,300.127991,TSLA
7/16/2020,46.150002,KO
7/16/2020,23.93,BAC
7/16/2020,178.699997,BA
7/17/2020,46.82,KO
7/17/2020,300.167999,TSLA
7/17/2020,175.660004,BA
7/17/2020,23.219999,BAC
7/17/2020,2961.969971,AMZN
7/20/2020,328.600006,TSLA
7/20/2020,23.58,BAC
7/20/2020,3196.840088,AMZN
7/20/2020,174.419998,BA
7/20/2020,46.119999,KO
7/21/2020,3138.290039,AMZN
7/21/2020,24.42,BAC
7/21/2020,313.671997,TSLA
7/21/2020,178.630005,BA
7/21/2020,47.200001,KO
7/22/2020,3099.909912,AMZN
7/22/2020,318.466003,TSLA
7/22/2020,48.48,KO
7/22/2020,179.789993,BA
7/22/2020,24.309999,BAC
7/23/2020,176.449997,BA
7/23/2020,24.540001,BAC
7/23/2020,2986.550049,AMZN
7/23/2020,48.279999,KO
7/23/2020,302.614014,TSLA
7/24/2020,24.35,BAC
7/24/2020,3008.909912,AMZN
7/24/2020,283.399994,TSLA
7/24/2020,48.490002,KO
7/24/2020,173.759995,BA
7/27/2020,170.210007,BA
7/27/2020,3055.209961,AMZN
7/27/2020,48.48,KO
7/27/2020,24.139999,BAC
7/27/2020,307.920013,TSLA
7/28/2020,48.18,KO
7/28/2020,3000.330078,AMZN
7/28/2020,295.298004,TSLA
7/28/2020,24.360001,BAC
7/28/2020,170.839996,BA
7/29/2020,48.02,KO
7/29/2020,299.821991,TSLA
7/29/2020,25.27,BAC
7/29/2020,3033.530029,AMZN
7/29/2020,166.009995,BA
7/30/2020,24.84,BAC
7/30/2020,3051.879883,AMZN
7/30/2020,297.497986,TSLA
7/30/2020,47.689999,KO
7/30/2020,161.949997,BA
7/31/2020,3164.679932,AMZN
7/31/2020,47.240002,KO
7/31/2020,158,BA
7/31/2020,24.879999,BAC
7/31/2020,286.152008,TSLA
8/3/2020,162.270004,BA
8/3/2020,3111.889893,AMZN
8/3/2020,24.99,BAC
8/3/2020,46.299999,KO
8/3/2020,297,TSLA
8/4/2020,297.399994,TSLA
8/4/2020,3138.830078,AMZN
8/4/2020,165.070007,BA
8/4/2020,25.01,BAC
8/4/2020,46.689999,KO
8/5/2020,174.279999,BA
8/5/2020,3205.030029,AMZN
8/5/2020,297.003998,TSLA
8/5/2020,25.389999,BAC
8/5/2020,47.220001,KO
8/6/2020,25.469999,BAC
8/6/2020,3225,AMZN
8/6/2020,47.48,KO
8/6/2020,297.915985,TSLA
8/6/2020,172.199997,BA
8/7/2020,3167.459961,AMZN
8/7/2020,290.541992,TSLA
8/7/2020,47.799999,KO
8/7/2020,170.020004,BA
8/7/2020,26.110001,BAC
8/10/2020,179.410004,BA
8/10/2020,283.713989,TSLA
8/10/2020,3148.159912,AMZN
8/10/2020,26.559999,BAC
8/10/2020,47.720001,KO
8/11/2020,180.130005,BA
8/11/2020,274.877991,TSLA
8/11/2020,26.92,BAC
8/11/2020,3080.669922,AMZN
8/11/2020,47.93,KO
8/12/2020,175.440002,BA
8/12/2020,48.43,KO
8/12/2020,3162.23999,AMZN
8/12/2020,310.951996,TSLA
8/12/2020,26.73,BAC
8/13/2020,48.380001,KO
8/13/2020,324.200012,TSLA
8/13/2020,3161.02002,AMZN
8/13/2020,26.35,BAC
8/13/2020,174.729996,BA
8/14/2020,3148.02002,AMZN
8/14/2020,48.450001,KO
8/14/2020,330.141998,TSLA
8/14/2020,26.469999,BAC
8/14/2020,178.080002,BA
8/17/2020,25.9,BAC
8/17/2020,172.009995,BA
8/17/2020,367.127991,TSLA
8/17/2020,3182.409912,AMZN
8/17/2020,48.209999,KO
8/18/2020,48.419998,KO
8/18/2020,170.229996,BA
8/18/2020,25.530001,BAC
8/18/2020,3312.48999,AMZN
8/18/2020,377.417999,TSLA
8/19/2020,3260.47998,AMZN
8/19/2020,47.369999,KO
8/19/2020,25.5,BAC
8/19/2020,169.270004,BA
8/19/2020,375.705994,TSLA
8/20/2020,25.1,BAC
8/20/2020,3297.370117,AMZN
8/20/2020,47.349998,KO
8/20/2020,400.365997,TSLA
8/20/2020,169.580002,BA
8/21/2020,3284.719971,AMZN
8/21/2020,47.279999,KO
8/21/2020,409.996002,TSLA
8/21/2020,167.5,BA
8/21/2020,24.98,BAC
8/24/2020,402.839996,TSLA
8/24/2020,47.970001,KO
8/24/2020,3307.459961,AMZN
8/24/2020,25.690001,BAC
8/24/2020,178.270004,BA
8/25/2020,47.91,KO
8/25/2020,3346.48999,AMZN
8/25/2020,26,BAC
8/25/2020,404.667999,TSLA
8/25/2020,174.729996,BA
8/26/2020,48.16,KO
8/26/2020,430.634003,TSLA
8/26/2020,3441.850098,AMZN
8/26/2020,25.559999,BAC
8/26/2020,171.899994,BA
8/27/2020,447.75,TSLA
8/27/2020,26.049999,BAC
8/27/2020,3400,AMZN
8/27/2020,48.23,KO
8/27/2020,174.199997,BA
8/28/2020,3401.800049,AMZN
8/28/2020,442.679993,TSLA
8/28/2020,26.299999,BAC
8/28/2020,49.830002,KO
8/28/2020,175.800003,BA
8/31/2020,49.529999,KO
8/31/2020,25.74,BAC
8/31/2020,498.320007,TSLA
8/31/2020,171.820007,BA
8/31/2020,3450.959961,AMZN
9/1/2020,25.709999,BAC
9/1/2020,475.049988,TSLA
9/1/2020,172.100006,BA
9/1/2020,49.119999,KO
9/1/2020,3499.120117,AMZN
9/2/2020,174.779999,BA
9/2/2020,3531.449951,AMZN
9/2/2020,51.189999,KO
9/2/2020,447.369995,TSLA
9/2/2020,26.02,BAC
9/3/2020,407,TSLA
9/3/2020,168.770004,BA
9/3/2020,3368,AMZN
9/3/2020,50.48,KO
9/3/2020,25.66,BAC
9/4/2020,171.050003,BA
9/4/2020,51.040001,KO
9/4/2020,3294.620117,AMZN
9/4/2020,418.320007,TSLA
9/4/2020,26.540001,BAC
9/8/2020,3149.840088,AMZN
9/8/2020,330.209991,TSLA
9/8/2020,25.48,BAC
9/8/2020,161.080002,BA
9/8/2020,49.810001,KO
9/9/2020,25.51,BAC
9/9/2020,3268.610107,AMZN
9/9/2020,160.779999,BA
9/9/2020,50.189999,KO
9/9/2020,366.279999,TSLA
9/10/2020,371.339996,TSLA
9/10/2020,25.139999,BAC
9/10/2020,157.690002,BA
9/10/2020,50,KO
9/10/2020,3175.110107,AMZN